"","doi","authoryear","diff","hcx","fold_change","species_multiple","sufficient_species","ERM","environment","tier","threshold"
"1","10.1021/acs.est.7b03574","Ziajahromi et. al  2017",1.72974286002793,876.971328563541,4.49173003980238,"Ceriodaphnia dubia","sufficient","Tissue Translocation","Freshwater","Tier 1",195.241325901707
"2","10.1007/s11356-021-15300-8","Mizukami-Murata et. al  2021",0.127883170319223,362.349588608938,1.85590620702587,"Raphidocelis subcapitata","sufficient","Tissue Translocation","Freshwater","Tier 1",195.241325901707
"3","10.1016/j.envpol.2020.115392","Zimmermann et. al  2020",0.086373987794145,349.014133654682,1.78760378748089,"Daphnia magna","sufficient","Tissue Translocation","Freshwater","Tier 1",195.241325901707
"4","10.1371/journal.pone.0155063","Ogonowski et. al  2016",0.0261163378164372,329.655448948195,1.68845118944827,"Daphnia magna","sufficient","Tissue Translocation","Freshwater","Tier 1",195.241325901707
"5","10.1007/s00128-017-2186-3","Frydkejar et. al  2017",0.0156511534833145,326.293349630097,1.67123096569406,"Daphnia magna","sufficient","Tissue Translocation","Freshwater","Tier 1",195.241325901707
"6","10.1016/j.chemosphere.2016.02.133","Rehse et. al  2016",0.0156511534833145,326.293349630097,1.67123096569406,"Daphnia magna","sufficient","Tissue Translocation","Freshwater","Tier 1",195.241325901707
"7","10.1038/s41598-019-47160-1","Gerdes et. al  2019",-0.0417883178391785,307.840047593744,1.5767156167989,"Daphnia magna","sufficient","Tissue Translocation","Freshwater","Tier 1",195.241325901707
"8","10.1016/j.jhazmat.2020.123845","Na et. al  2021",-0.0719105834674542,298.16281253465,1.52715011106183,"Daphnia magna","sufficient","Tissue Translocation","Freshwater","Tier 1",195.241325901707
"9","10.1016/j.chemosphere.2018.05.170","Mao et. al  2018",-0.18010202117237,263.40467093361,1.34912355115955,"Chlorella pyrenoidosa","sufficient","Tissue Translocation","Freshwater","Tier 1",195.241325901707
"10","10.1016/j.envpol.2018.04.069","Jaikumar et. al  2018",-0.215280450234674,252.103066623807,1.29123824302815,"Ceriodaphnia dubia, Daphnia magna, Daphnia pulex","sufficient","Tissue Translocation","Freshwater","Tier 1",195.241325901707
"11","10.1007/s13273-021-00162-5","Kim & Rhee et. al  2021",-0.22393973084902,249.321141287187,1.27698959293437,"Moina macrocopa","sufficient","Tissue Translocation","Freshwater","Tier 1",195.241325901707
"12","10.1016/j.fsi.2021.04.014","Zwollo et. al  2021",-0.23695918746699,245.138443226272,1.25556637199691,"Oncorhynchus mykiss","sufficient","Tissue Translocation","Freshwater","Tier 1",195.241325901707
"13","10.1016/j.aquatox.2021.105821","Yoo et. al  2021",-0.370909299471649,202.104936515402,1.03515449704102,"Diaphanosoma celebensis","sufficient","Tissue Translocation","Freshwater","Tier 1",195.241325901707
"14","10.1002/etc.3093","Au et. al  2015",-0.378139348120078,199.782173642152,1.02325761577102,"Hyalella azteca","sufficient","Tissue Translocation","Freshwater","Tier 1",195.241325901707
"15","10.1016/j.envpol.2020.115957","Chisada et. al  2021",-0.423861251058711,185.093318310139,0.94802326021553,"Oryzias latipes","sufficient","Tissue Translocation","Freshwater","Tier 1",195.241325901707
"16","10.1016/j.envpol.2019.03.085","Jaikumar et. al  2019",-0.49956757164471,160.771513675294,0.82345022465292,"Ceriodaphnia dubia, Daphnia magna, Daphnia pulex","sufficient","Tissue Translocation","Freshwater","Tier 1",195.241325901707
"17","10.1021/acs.est.7b03574","Ziajahromi et. al  2017",1.40606547961097,1954.92363836987,1.95705398280477,"Ceriodaphnia dubia","sufficient","Tissue Translocation","Freshwater","Tier 2",998.911453412314
"18","10.1007/s11356-021-15300-8","Mizukami-Murata et. al  2021",0.330458066744331,1080.99465562297,1.08217265096947,"Raphidocelis subcapitata","sufficient","Tissue Translocation","Freshwater","Tier 2",998.911453412314
"19","10.1016/j.envpol.2020.115392","Zimmermann et. al  2020",0.0571408816262442,858.924961141313,0.859860959855048,"Daphnia magna","sufficient","Tissue Translocation","Freshwater","Tier 2",998.911453412314
"20","10.1007/s13273-021-00162-5","Kim & Rhee et. al  2021",0.0296876894960348,836.619294608608,0.837530986105614,"Moina macrocopa","sufficient","Tissue Translocation","Freshwater","Tier 2",998.911453412314
"21","10.1371/journal.pone.0155063","Ogonowski et. al  2016",0.0179419819273246,827.075929488235,0.827977221267128,"Daphnia magna","sufficient","Tissue Translocation","Freshwater","Tier 2",998.911453412314
"22","10.1016/j.fsi.2021.04.014","Zwollo et. al  2021",0.01315433072716,823.185971969297,0.824083024733841,"Oncorhynchus mykiss","sufficient","Tissue Translocation","Freshwater","Tier 2",998.911453412314
"23","10.1007/s00128-017-2186-3","Frydkejar et. al  2017",0.0099905156085285,820.615378186519,0.82150962969067,"Daphnia magna","sufficient","Tissue Translocation","Freshwater","Tier 2",998.911453412314
"24","10.1016/j.chemosphere.2016.02.133","Rehse et. al  2016",0.0099905156085285,820.615378186519,0.82150962969067,"Daphnia magna","sufficient","Tissue Translocation","Freshwater","Tier 2",998.911453412314
"25","10.1016/j.chemosphere.2018.05.170","Mao et. al  2018",0,812.498103204554,0.813383509047808,"Chlorella pyrenoidosa","sufficient","Tissue Translocation","Freshwater","Tier 2",998.911453412314
"26","10.1038/s41598-019-47160-1","Gerdes et. al  2019",-0.0291934407541221,788.778487965815,0.789638045766041,"Daphnia magna","sufficient","Tissue Translocation","Freshwater","Tier 2",998.911453412314
"27","10.1016/j.jhazmat.2020.123845","Na et. al  2021",-0.0509121415291513,771.132084782037,0.771972412717688,"Daphnia magna","sufficient","Tissue Translocation","Freshwater","Tier 2",998.911453412314
"28","10.1016/j.envpol.2018.04.069","Jaikumar et. al  2018",-0.181302596785651,665.190087210152,0.665914966674815,"Ceriodaphnia dubia, Daphnia magna, Daphnia pulex","sufficient","Tissue Translocation","Freshwater","Tier 2",998.911453412314
"29","10.1016/j.aquatox.2021.105821","Yoo et. al  2021",-0.222648176009605,631.596882514796,0.632285154362022,"Diaphanosoma celebensis","sufficient","Tissue Translocation","Freshwater","Tier 2",998.911453412314
"30","10.1002/etc.3093","Au et. al  2015",-0.228036689598712,627.218725444555,0.627902226270362,"Hyalella azteca","sufficient","Tissue Translocation","Freshwater","Tier 2",998.911453412314
"31","10.1016/j.envpol.2020.115957","Chisada et. al  2021",-0.247865665998931,611.107719730889,0.611773663865126,"Oryzias latipes","sufficient","Tissue Translocation","Freshwater","Tier 2",998.911453412314
"32","10.1016/j.envpol.2019.03.085","Jaikumar et. al  2019",-0.373082924178877,509.368934971208,0.509924011013376,"Ceriodaphnia dubia, Daphnia magna, Daphnia pulex","sufficient","Tissue Translocation","Freshwater","Tier 2",998.911453412314
"33","10.1021/acs.est.7b03574","Ziajahromi et. al  2017",5.81223691616905,23225.8687169855,6.95861290652688,"Ceriodaphnia dubia","sufficient","Tissue Translocation","Freshwater","Tier 3",3337.71529311547
"34","10.1016/j.envpol.2020.115392","Zimmermann et. al  2020",0.360877816276095,4639.82240923902,1.39011928872703,"Daphnia magna","sufficient","Tissue Translocation","Freshwater","Tier 3",3337.71529311547
"35","10.1016/j.chemosphere.2016.02.133","Rehse et. al  2016",0.00653787321934274,3431.72393881054,1.02816556759319,"Daphnia magna","sufficient","Tissue Translocation","Freshwater","Tier 3",3337.71529311547
"36","10.1016/j.jhazmat.2020.123845","Na et. al  2021",-0.0792506410470486,3139.23370479546,0.940533697188191,"Daphnia magna","sufficient","Tissue Translocation","Freshwater","Tier 3",3337.71529311547
"37","10.1038/s41598-019-47160-1","Gerdes et. al  2019",-0.0792506410470486,3139.23370479546,0.940533697188191,"Daphnia magna","sufficient","Tissue Translocation","Freshwater","Tier 3",3337.71529311547
"38","10.1007/s00128-017-2186-3","Frydkejar et. al  2017",-0.111571407256531,3029.03820190095,0.907518447768384,"Daphnia magna","sufficient","Tissue Translocation","Freshwater","Tier 3",3337.71529311547
"39","10.1371/journal.pone.0155063","Ogonowski et. al  2016",-0.133265286837553,2955.07436222371,0.885358427160933,"Daphnia magna","sufficient","Tissue Translocation","Freshwater","Tier 3",3337.71529311547
"40","10.1016/j.envpol.2018.04.069","Jaikumar et. al  2018",-0.546449320001169,1546.35088000967,0.463296220381422,"Ceriodaphnia dubia, Daphnia magna, Daphnia pulex","sufficient","Tissue Translocation","Freshwater","Tier 3",3337.71529311547
"41","10.1016/j.envpol.2019.03.085","Jaikumar et. al  2019",-0.72217040882678,947.241514012374,0.283799374969519,"Ceriodaphnia dubia, Daphnia magna, Daphnia pulex","sufficient","Tissue Translocation","Freshwater","Tier 3",3337.71529311547
"42","10.1002/etc.3093","Au et. al  2015",NA,NA,NA,"Hyalella azteca","insufficient","Tissue Translocation","Freshwater","Tier 3",3337.71529311547
"43","10.1007/s13273-021-00162-5","Kim & Rhee et. al  2021",NA,NA,NA,"Moina macrocopa","insufficient","Tissue Translocation","Freshwater","Tier 3",3337.71529311547
"44","10.1016/j.envpol.2020.115957","Chisada et. al  2021",NA,NA,NA,"Oryzias latipes","insufficient","Tissue Translocation","Freshwater","Tier 3",3337.71529311547
"45","10.1021/acs.est.7b03574","Ziajahromi et. al  2017",4.1753224215043,36870.7897934442,5.28548990466459,"Ceriodaphnia dubia","sufficient","Tissue Translocation","Freshwater","Tier 4",6975.85095393045
"46","10.1016/j.envpol.2020.115392","Zimmermann et. al  2020",0.329207860595241,9469.73727011881,1.35750280971574,"Daphnia magna","sufficient","Tissue Translocation","Freshwater","Tier 4",6975.85095393045
"47","10.1016/j.chemosphere.2016.02.133","Rehse et. al  2016",0.00619535932998678,7168.48431140092,1.02761431669665,"Daphnia magna","sufficient","Tissue Translocation","Freshwater","Tier 4",6975.85095393045
"48","10.1016/j.jhazmat.2020.123845","Na et. al  2021",-0.0726858705271754,6606.5071034444,0.947053936082458,"Daphnia magna","sufficient","Tissue Translocation","Freshwater","Tier 4",6975.85095393045
"49","10.1038/s41598-019-47160-1","Gerdes et. al  2019",-0.0726858705271754,6606.5071034444,0.947053936082458,"Daphnia magna","sufficient","Tissue Translocation","Freshwater","Tier 4",6975.85095393045
"50","10.1007/s00128-017-2186-3","Frydkejar et. al  2017",-0.100386512588008,6409.15813319966,0.918763628341071,"Daphnia magna","sufficient","Tissue Translocation","Freshwater","Tier 4",6975.85095393045
"51","10.1371/journal.pone.0155063","Ogonowski et. al  2016",-0.119034972388649,6276.30004528152,0.899718197354149,"Daphnia magna","sufficient","Tissue Translocation","Freshwater","Tier 4",6975.85095393045
"52","10.1016/j.envpol.2018.04.069","Jaikumar et. al  2018",-0.518913009410727,3427.43038166536,0.491327926055275,"Ceriodaphnia dubia, Daphnia magna, Daphnia pulex","sufficient","Tissue Translocation","Freshwater","Tier 4",6975.85095393045
"53","10.1016/j.envpol.2019.03.085","Jaikumar et. al  2019",-0.566321846968309,3089.67339928414,0.442909892956257,"Ceriodaphnia dubia, Daphnia magna, Daphnia pulex","sufficient","Tissue Translocation","Freshwater","Tier 4",6975.85095393045
"54","10.1002/etc.3093","Au et. al  2015",NA,NA,NA,"Hyalella azteca","insufficient","Tissue Translocation","Freshwater","Tier 4",6975.85095393045
"55","10.1007/s13273-021-00162-5","Kim & Rhee et. al  2021",NA,NA,NA,"Moina macrocopa","insufficient","Tissue Translocation","Freshwater","Tier 4",6975.85095393045
"56","10.1016/j.envpol.2020.115957","Chisada et. al  2021",NA,NA,NA,"Oryzias latipes","insufficient","Tissue Translocation","Freshwater","Tier 4",6975.85095393045
"57","10.1016/j.fsi.2021.04.014","Zwollo et. al  2021",1.37434509983917,46.6674178860238,7.81158255934788,"Oncorhynchus mykiss","sufficient","Food Dilution","Freshwater","Tier 1",5.97413104597843
"58","10.1021/acs.est.7b03574","Ziajahromi et. al  2017",0.246207681819798,24.4940361298771,4.10001654489411,"Ceriodaphnia dubia","sufficient","Food Dilution","Freshwater","Tier 1",5.97413104597843
"59","10.1016/j.envpol.2020.115392","Zimmermann et. al  2020",0.0501604340559139,20.6407551399226,3.45502215821282,"Daphnia magna","sufficient","Food Dilution","Freshwater","Tier 1",5.97413104597843
"60","10.1007/s00128-017-2186-3","Frydkejar et. al  2017",0.0192301185077491,20.0328241524977,3.35326158705257,"Daphnia magna","sufficient","Food Dilution","Freshwater","Tier 1",5.97413104597843
"61","10.1016/j.chemosphere.2016.02.133","Rehse et. al  2016",0.0192301185077491,20.0328241524977,3.35326158705257,"Daphnia magna","sufficient","Food Dilution","Freshwater","Tier 1",5.97413104597843
"62","10.1016/j.jhazmat.2020.123845","Na et. al  2021",0.0152284096310321,19.9541711292195,3.34009598645346,"Daphnia magna","sufficient","Food Dilution","Freshwater","Tier 1",5.97413104597843
"63","10.1002/etc.5136","Tourinho et. al  2022",0.00505582305161684,19.7542303754869,3.30662823152912,"Daphnia magna","sufficient","Food Dilution","Freshwater","Tier 1",5.97413104597843
"64","10.1016/j.cbpc.2022.109269","Liu et. al  2022",0.00505582305161684,19.7542303754869,3.30662823152912,"Daphnia magna","sufficient","Food Dilution","Freshwater","Tier 1",5.97413104597843
"65","10.1371/journal.pone.0155063","Ogonowski et. al  2016",0.004823586092522,19.7496657908275,3.30586417318755,"Daphnia magna","sufficient","Food Dilution","Freshwater","Tier 1",5.97413104597843
"66","10.1016/j.aquatox.2021.105769","Halle et. al  2021",0,19.6548588868504,3.28999460098576,"Hyalella azteca","sufficient","Food Dilution","Freshwater","Tier 1",5.97413104597843
"67","10.1038/s41598-019-47160-1","Gerdes et. al  2019",0,19.6548588868504,3.28999460098576,"Daphnia magna","sufficient","Food Dilution","Freshwater","Tier 1",5.97413104597843
"68","10.1016/j.watres.2022.118536","Chen et. al  2022",-0.0258840513633291,19.1461115098842,3.20483621174877,"Daphnia magna","sufficient","Food Dilution","Freshwater","Tier 1",5.97413104597843
"69","10.1007/s13273-021-00162-5","Kim & Rhee et. al  2021",-0.0459343563608898,18.7520255945189,3.13887081655868,"Moina macrocopa","sufficient","Food Dilution","Freshwater","Tier 1",5.97413104597843
"70","10.1016/j.scitotenv.2017.11.103","Lei et. al  2018",-0.0582722501391503,18.5095260333462,3.09827921264066,"Danio rerio","sufficient","Food Dilution","Freshwater","Tier 1",5.97413104597843
"71","10.1016/j.envpol.2018.04.069","Jaikumar et. al  2018",-0.107312366107907,17.5456494741855,2.93693749587174,"Ceriodaphnia dubia, Daphnia magna, Daphnia pulex","sufficient","Food Dilution","Freshwater","Tier 1",5.97413104597843
"72","10.1002/etc.3093","Au et. al  2015",-0.15272417165558,16.6530868443489,2.78753290079888,"Hyalella azteca","sufficient","Food Dilution","Freshwater","Tier 1",5.97413104597843
"73","10.1016/j.aquatox.2021.105821","Yoo et. al  2021",-0.187010663559066,15.9791906842607,2.67473052754967,"Diaphanosoma celebensis","sufficient","Food Dilution","Freshwater","Tier 1",5.97413104597843
"74","10.1016/j.envpol.2019.03.085","Jaikumar et. al  2019",-0.244885089883807,14.8416770016905,2.48432397740612,"Ceriodaphnia dubia, Daphnia magna, Daphnia pulex","sufficient","Food Dilution","Freshwater","Tier 1",5.97413104597843
"75","10.1016/j.chemosphere.2021.129977","Abarghouei et. al  2021",-0.33176013407416,13.1341602673402,2.19850555105946,"Carassius auratus","sufficient","Food Dilution","Freshwater","Tier 1",5.97413104597843
"76","10.1016/j.envpol.2020.115957","Chisada et. al  2021",-0.332532863580063,13.118972377944,2.19596327515702,"Oryzias latipes","sufficient","Food Dilution","Freshwater","Tier 1",5.97413104597843
"77","10.1016/j.fsi.2021.04.014","Zwollo et. al  2021",1.54022596962663,177.390997912329,3.37568637114955,"Oncorhynchus mykiss","sufficient","Food Dilution","Freshwater","Tier 2",52.5496087042945
"78","10.1021/acs.est.7b03574","Ziajahromi et. al  2017",0.428468509288577,99.7539027546758,1.89828060026113,"Ceriodaphnia dubia","sufficient","Food Dilution","Freshwater","Tier 2",52.5496087042945
"79","10.1007/s13273-021-00162-5","Kim & Rhee et. al  2021",0.326616672970831,92.6413076156442,1.76293049367793,"Moina macrocopa","sufficient","Food Dilution","Freshwater","Tier 2",52.5496087042945
"80","10.1016/j.envpol.2020.115392","Zimmermann et. al  2020",0.0496698629667666,73.3013466898539,1.39489804961884,"Daphnia magna","sufficient","Food Dilution","Freshwater","Tier 2",52.5496087042945
"81","10.1007/s00128-017-2186-3","Frydkejar et. al  2017",0.0201740721278546,71.241574120921,1.35570132447245,"Daphnia magna","sufficient","Food Dilution","Freshwater","Tier 2",52.5496087042945
"82","10.1016/j.chemosphere.2016.02.133","Rehse et. al  2016",0.0201740721278546,71.241574120921,1.35570132447245,"Daphnia magna","sufficient","Food Dilution","Freshwater","Tier 2",52.5496087042945
"83","10.1016/j.jhazmat.2020.123845","Na et. al  2021",0.0169382021039081,71.0156043766833,1.3514012021726,"Daphnia magna","sufficient","Food Dilution","Freshwater","Tier 2",52.5496087042945
"84","10.1002/etc.5136","Tourinho et. al  2022",0.00685767999679128,70.3116536662189,1.33800527539366,"Daphnia magna","sufficient","Food Dilution","Freshwater","Tier 2",52.5496087042945
"85","10.1016/j.cbpc.2022.109269","Liu et. al  2022",0.00685767999679128,70.3116536662189,1.33800527539366,"Daphnia magna","sufficient","Food Dilution","Freshwater","Tier 2",52.5496087042945
"86","10.1371/journal.pone.0155063","Ogonowski et. al  2016",0.00680621915777165,70.3080600136477,1.33793688948824,"Daphnia magna","sufficient","Food Dilution","Freshwater","Tier 2",52.5496087042945
"87","10.1016/j.aquatox.2021.105769","Halle et. al  2021",0,69.8327629247889,1.32889215822233,"Hyalella azteca","sufficient","Food Dilution","Freshwater","Tier 2",52.5496087042945
"88","10.1038/s41598-019-47160-1","Gerdes et. al  2019",0,69.8327629247889,1.32889215822233,"Daphnia magna","sufficient","Food Dilution","Freshwater","Tier 2",52.5496087042945
"89","10.1016/j.envpol.2019.03.085","Jaikumar et. al  2019",-0.0152517305558429,68.76769244069,1.30862425308735,"Ceriodaphnia dubia, Daphnia magna, Daphnia pulex","sufficient","Food Dilution","Freshwater","Tier 2",52.5496087042945
"90","10.1016/j.scitotenv.2017.11.103","Lei et. al  2018",-0.0326345624417019,67.5538012626433,1.28552434410654,"Danio rerio","sufficient","Food Dilution","Freshwater","Tier 2",52.5496087042945
"91","10.1016/j.watres.2022.118536","Chen et. al  2022",-0.0374233157778897,67.219389386212,1.27916060735041,"Daphnia magna","sufficient","Food Dilution","Freshwater","Tier 2",52.5496087042945
"92","10.1016/j.envpol.2018.04.069","Jaikumar et. al  2018",-0.104823980032471,62.5126147783486,1.18959239316353,"Ceriodaphnia dubia, Daphnia magna, Daphnia pulex","sufficient","Food Dilution","Freshwater","Tier 2",52.5496087042945
"93","10.1016/j.envpol.2020.115957","Chisada et. al  2021",-0.138010704070928,60.1950941463206,1.14549081583173,"Oryzias latipes","sufficient","Food Dilution","Freshwater","Tier 2",52.5496087042945
"94","10.1016/j.aquatox.2021.105821","Yoo et. al  2021",-0.16420512857323,58.3658651101,1.11068125052147,"Diaphanosoma celebensis","sufficient","Food Dilution","Freshwater","Tier 2",52.5496087042945
"95","10.1016/j.chemosphere.2021.129977","Abarghouei et. al  2021",-0.185728998223974,56.8627938235556,1.082078348928,"Carassius auratus","sufficient","Food Dilution","Freshwater","Tier 2",52.5496087042945
"96","10.1002/etc.3093","Au et. al  2015",-0.259342226559056,51.7221787011034,0.984254307052081,"Hyalella azteca","sufficient","Food Dilution","Freshwater","Tier 2",52.5496087042945
"97","10.1016/j.envpol.2020.115957","Chisada et. al  2021",0.739985364112589,2135.58150024907,4.63977862852135,"Oryzias latipes","sufficient","Food Dilution","Freshwater","Tier 3",460.276593180838
"98","10.1007/s13273-021-00162-5","Kim & Rhee et. al  2021",0.527771708967147,1875.11979443468,4.07389778714634,"Moina macrocopa","sufficient","Food Dilution","Freshwater","Tier 3",460.276593180838
"99","10.1016/j.aquatox.2021.105769","Halle et. al  2021",0.323596514706544,1624.52414192752,3.5294519990706,"Hyalella azteca","sufficient","Food Dilution","Freshwater","Tier 3",460.276593180838
"100","10.1016/j.envpol.2020.115392","Zimmermann et. al  2020",0.140761582627065,1400.12058854052,3.04191134045008,"Daphnia magna","sufficient","Food Dilution","Freshwater","Tier 3",460.276593180838
"101","10.1016/j.envpol.2019.03.085","Jaikumar et. al  2019",0.127875873294521,1384.3052357015,3.00755079925957,"Ceriodaphnia dubia, Daphnia magna, Daphnia pulex","sufficient","Food Dilution","Freshwater","Tier 3",460.276593180838
"102","10.1021/acs.est.7b03574","Ziajahromi et. al  2017",0.0752080283964437,1319.6630395416,2.86710873221206,"Ceriodaphnia dubia","sufficient","Food Dilution","Freshwater","Tier 3",460.276593180838
"103","10.1002/etc.5136","Tourinho et. al  2022",0,1227.35601361695,2.66656187127625,"Daphnia magna","sufficient","Food Dilution","Freshwater","Tier 3",460.276593180838
"104","10.1016/j.cbpc.2022.109269","Liu et. al  2022",0,1227.35601361695,2.66656187127625,"Daphnia magna","sufficient","Food Dilution","Freshwater","Tier 3",460.276593180838
"105","10.1016/j.chemosphere.2016.02.133","Rehse et. al  2016",0,1227.35601361695,2.66656187127625,"Daphnia magna","sufficient","Food Dilution","Freshwater","Tier 3",460.276593180838
"106","10.1016/j.jhazmat.2020.123845","Na et. al  2021",0,1227.35601361695,2.66656187127625,"Daphnia magna","sufficient","Food Dilution","Freshwater","Tier 3",460.276593180838
"107","10.1038/s41598-019-47160-1","Gerdes et. al  2019",-0.113809642384612,1087.6710646286,2.36308141830985,"Daphnia magna","sufficient","Food Dilution","Freshwater","Tier 3",460.276593180838
"108","10.1007/s00128-017-2186-3","Frydkejar et. al  2017",-0.151644995151076,1041.23361688336,2.26219110923652,"Daphnia magna","sufficient","Food Dilution","Freshwater","Tier 3",460.276593180838
"109","10.1016/j.scitotenv.2017.11.103","Lei et. al  2018",-0.195403020887832,987.526940851352,2.14550762624456,"Danio rerio","sufficient","Food Dilution","Freshwater","Tier 3",460.276593180838
"110","10.1016/j.watres.2022.118536","Chen et. al  2022",-0.20023098319156,981.601312284355,2.13263356604948,"Daphnia magna","sufficient","Food Dilution","Freshwater","Tier 3",460.276593180838
"111","10.1371/journal.pone.0155063","Ogonowski et. al  2016",-0.225387429431658,950.72539671034,2.06555234568882,"Daphnia magna","sufficient","Food Dilution","Freshwater","Tier 3",460.276593180838
"112","10.1002/etc.3093","Au et. al  2015",-0.252880707425812,916.981356630173,1.99223981887321,"Hyalella azteca","sufficient","Food Dilution","Freshwater","Tier 3",460.276593180838
"113","10.1016/j.envpol.2018.04.069","Jaikumar et. al  2018",-0.616719982469305,470.42103441551,1.02203988076944,"Ceriodaphnia dubia, Daphnia magna, Daphnia pulex","sufficient","Food Dilution","Freshwater","Tier 3",460.276593180838
"114","10.1016/j.envpol.2020.115957","Chisada et. al  2021",0.875668605200336,5505.31025093157,5.08179247209083,"Oryzias latipes","sufficient","Food Dilution","Freshwater","Tier 4",1083.34023499911
"115","10.1007/s13273-021-00162-5","Kim & Rhee et. al  2021",0.691964749186313,4966.11760312285,4.58407935262088,"Moina macrocopa","sufficient","Food Dilution","Freshwater","Tier 4",1083.34023499911
"116","10.1016/j.envpol.2019.03.085","Jaikumar et. al  2019",0.376933841843922,4041.46445344394,3.73055880588362,"Ceriodaphnia dubia, Daphnia magna, Daphnia pulex","sufficient","Food Dilution","Freshwater","Tier 4",1083.34023499911
"117","10.1016/j.aquatox.2021.105769","Halle et. al  2021",0.140446941666893,3347.34729855529,3.08983936016929,"Hyalella azteca","sufficient","Food Dilution","Freshwater","Tier 4",1083.34023499911
"118","10.1021/acs.est.7b03574","Ziajahromi et. al  2017",0.111416570754754,3262.13971011038,3.01118670268263,"Ceriodaphnia dubia","sufficient","Food Dilution","Freshwater","Tier 4",1083.34023499911
"119","10.1016/j.envpol.2020.115392","Zimmermann et. al  2020",0.0848734675199478,3184.23254787235,2.93927285722475,"Daphnia magna","sufficient","Food Dilution","Freshwater","Tier 4",1083.34023499911
"120","10.1002/etc.5136","Tourinho et. al  2022",0,2935.11883478135,2.70932320240443,"Daphnia magna","sufficient","Food Dilution","Freshwater","Tier 4",1083.34023499911
"121","10.1016/j.cbpc.2022.109269","Liu et. al  2022",0,2935.11883478135,2.70932320240443,"Daphnia magna","sufficient","Food Dilution","Freshwater","Tier 4",1083.34023499911
"122","10.1016/j.chemosphere.2016.02.133","Rehse et. al  2016",0,2935.11883478135,2.70932320240443,"Daphnia magna","sufficient","Food Dilution","Freshwater","Tier 4",1083.34023499911
"123","10.1016/j.jhazmat.2020.123845","Na et. al  2021",0,2935.11883478135,2.70932320240443,"Daphnia magna","sufficient","Food Dilution","Freshwater","Tier 4",1083.34023499911
"124","10.1038/s41598-019-47160-1","Gerdes et. al  2019",-0.0872451337202402,2679.04399955606,2.47294793731931,"Daphnia magna","sufficient","Food Dilution","Freshwater","Tier 4",1083.34023499911
"125","10.1007/s00128-017-2186-3","Frydkejar et. al  2017",-0.118897854544112,2586.13950249383,2.38719048637196,"Daphnia magna","sufficient","Food Dilution","Freshwater","Tier 4",1083.34023499911
"126","10.1016/j.watres.2022.118536","Chen et. al  2022",-0.161018338565028,2462.51087651394,2.27307248171759,"Daphnia magna","sufficient","Food Dilution","Freshwater","Tier 4",1083.34023499911
"127","10.1371/journal.pone.0155063","Ogonowski et. al  2016",-0.182924725682424,2398.21302708365,2.21372099881958,"Daphnia magna","sufficient","Food Dilution","Freshwater","Tier 4",1083.34023499911
"128","10.1002/etc.3093","Au et. al  2015",-0.209991982465034,2318.76741189515,2.14038705199301,"Hyalella azteca","sufficient","Food Dilution","Freshwater","Tier 4",1083.34023499911
"129","10.1016/j.scitotenv.2017.11.103","Lei et. al  2018",-0.261212125081251,2168.43020658211,2.00161513117243,"Danio rerio","sufficient","Food Dilution","Freshwater","Tier 4",1083.34023499911
"130","10.1016/j.envpol.2018.04.069","Jaikumar et. al  2018",-0.602753714811307,1165.96505370426,1.0762685775307,"Ceriodaphnia dubia, Daphnia magna, Daphnia pulex","sufficient","Food Dilution","Freshwater","Tier 4",1083.34023499911
"131","10.3390/nano11030649","Capolupo et. al  2021",35.0940413511407,8.68783408434359,48.26464242857,"Mytilus galloprovincialis","sufficient","Tissue Translocation","Marine","Tier 1",0.180004111647595
"132","10.1016/j.marpolbul.2021.112369","Richardson et. al  2021",2.69115064762457,0.888459790215932,4.93577497804784,"Pseudechinus huttoni","sufficient","Tissue Translocation","Marine","Tier 1",0.180004111647595
"133","10.1016/j.envpol.2016.11.005","Zhang et. al  2017",0.808814651927425,0.435381603084979,2.41873143396497,"Skeletonema costatum","sufficient","Tissue Translocation","Marine","Tier 1",0.180004111647595
"134","10.1016/j.envpol.2019.113024","Wang et. al  2019",0.576454982280751,0.379452641344611,2.10802207722615,"Oryzias melastigma","sufficient","Tissue Translocation","Marine","Tier 1",0.180004111647595
"135","10.1021/acs.est.8b00168","Gardon et. al  2018",0.309186317955249,0.315121086199133,1.75063271230195,"Pinctada margaritifera","sufficient","Tissue Translocation","Marine","Tier 1",0.180004111647595
"136","10.1016/j.envpol.2019.01.114","Zhao et. al  2019",0.286069784907293,0.309556937763327,1.71972148263682,"Karenia mikimotoi","sufficient","Tissue Translocation","Marine","Tier 1",0.180004111647595
"137","10.1016/j.jhazmat.2018.07.101","Beiras et. al  2018",0.124889205270324,0.270760779697196,1.50419219438321,"Brachionus plicatilis, Tigriopus fulvus, Paracentrotus lividus","sufficient","Tissue Translocation","Marine","Tier 1",0.180004111647595
"138","10.1021/es401932b","Lee et. al  2013",0.105893653059333,0.266188551158305,1.47879150493761,"Tigriopus japonicus","sufficient","Tissue Translocation","Marine","Tier 1",0.180004111647595
"139","10.3390/ani11082317","Masiá et. al  2021",0,0.240699953763117,1.33719142057349,"Mytilus galloprovincialis","sufficient","Tissue Translocation","Marine","Tier 1",0.180004111647595
"140","0.1021/es404295e","Kaposi et. al  2014",-0.356136291661559,0.154977964826812,0.860969026808793,"Tripneustes gratilla","sufficient","Tissue Translocation","Marine","Tier 1",0.180004111647595
"141","10.1016/j.envpol.2021.117653","Stienbarger et. al  2021",-0.360780214821038,0.153860172737045,0.854759212602134,"Centropristis striata","sufficient","Tissue Translocation","Marine","Tier 1",0.180004111647595
"142","10.1016/j.scitotenv.2020.144030","Geng et. al  2020",-0.362151966132839,0.15352999225972,0.852924918516834,"Strombidium sulcatum","sufficient","Tissue Translocation","Marine","Tier 1",0.180004111647595
"143","10.1016/j.ecoenv.2017.03.029","Heindler et. al  2017",-0.373294937047307,0.150847879675824,0.838024633410308,"Parvocalanus crassirostris","sufficient","Tissue Translocation","Marine","Tier 1",0.180004111647595
"144","10.1016/j.envpol.2017.10.095","Lo & Chan et. al  2018",-0.392019158394658,0.146340960463267,0.812986765267711,"Crepidula onyx","sufficient","Tissue Translocation","Marine","Tier 1",0.180004111647595
"145","10.3390/nano11030649","Capolupo et. al  2021",12.4548754228567,65.6481281475757,17.2253463423619,"Mytilus galloprovincialis","sufficient","Tissue Translocation","Marine","Tier 2",3.81113545369645
"146","10.1016/j.marpolbul.2021.112369","Richardson et. al  2021",1.86661934731852,13.9866173672183,3.66993446891333,"Pseudechinus huttoni","sufficient","Tissue Translocation","Marine","Tier 2",3.81113545369645
"147","10.1016/j.envpol.2019.113024","Wang et. al  2019",0.441003187528849,7.03084636185162,1.84481670811053,"Oryzias melastigma","sufficient","Tissue Translocation","Marine","Tier 2",3.81113545369645
"148","10.1016/j.envpol.2016.11.005","Zhang et. al  2017",0.293358845765198,6.31046996565704,1.65579786977565,"Skeletonema costatum","sufficient","Tissue Translocation","Marine","Tier 2",3.81113545369645
"149","10.1021/acs.est.8b00168","Gardon et. al  2018",0.260225708785639,6.14880898002871,1.61337980628973,"Pinctada margaritifera","sufficient","Tissue Translocation","Marine","Tier 2",3.81113545369645
"150","10.1021/es401932b","Lee et. al  2013",0.105465744584939,5.39371451481332,1.41525132872984,"Tigriopus japonicus","sufficient","Tissue Translocation","Marine","Tier 2",3.81113545369645
"151","10.3390/ani11082317","Masiá et. al  2021",0,4.87913310858715,1.28023083090758,"Mytilus galloprovincialis","sufficient","Tissue Translocation","Marine","Tier 2",3.81113545369645
"152","10.1016/j.envpol.2019.01.114","Zhao et. al  2019",-0.0333895797553138,4.71622090452118,1.23748446147378,"Karenia mikimotoi","sufficient","Tissue Translocation","Marine","Tier 2",3.81113545369645
"153","0.1021/es404295e","Kaposi et. al  2014",-0.283107728268018,3.49781281829776,0.917787588710658,"Tripneustes gratilla","sufficient","Tissue Translocation","Marine","Tier 2",3.81113545369645
"154","10.1016/j.envpol.2021.117653","Stienbarger et. al  2021",-0.286483127383943,3.48134379671656,0.913466298695833,"Centropristis striata","sufficient","Tissue Translocation","Marine","Tier 2",3.81113545369645
"155","10.1016/j.envpol.2017.10.095","Lo & Chan et. al  2018",-0.34414072760105,3.20002469053559,0.839651261261749,"Crepidula onyx","sufficient","Tissue Translocation","Marine","Tier 2",3.81113545369645
"156","10.1016/j.ecoenv.2017.03.029","Heindler et. al  2017",-0.35098620045952,3.1666247172679,0.830887475856195,"Parvocalanus crassirostris","sufficient","Tissue Translocation","Marine","Tier 2",3.81113545369645
"157","10.1016/j.scitotenv.2020.144030","Geng et. al  2020",-0.351332250054841,3.16493629523016,0.830444452495242,"Strombidium sulcatum","sufficient","Tissue Translocation","Marine","Tier 2",3.81113545369645
"158","10.1016/j.jhazmat.2018.07.101","Beiras et. al  2018",-0.69037279157845,1.510712363929,0.396394298309116,"Brachionus plicatilis, Tigriopus fulvus, Paracentrotus lividus","sufficient","Tissue Translocation","Marine","Tier 2",3.81113545369645
"159","10.1016/j.envpol.2019.113024","Wang et. al  2019",1.48674119894778,1108.11641052224,2.35742299107502,"Oryzias melastigma","sufficient","Tissue Translocation","Marine","Tier 3",470.054128901543
"160","10.1016/j.marpolbul.2021.112369","Richardson et. al  2021",0.697327188342367,756.345739646566,1.60906094243667,"Pseudechinus huttoni","sufficient","Tissue Translocation","Marine","Tier 3",470.054128901543
"161","10.1021/acs.est.8b00168","Gardon et. al  2018",0.473407087177465,656.564733544436,1.39678537677936,"Pinctada margaritifera","sufficient","Tissue Translocation","Marine","Tier 3",470.054128901543
"162","10.1016/j.envpol.2019.01.114","Zhao et. al  2019",0.218928682359531,543.166645869854,1.15554063345676,"Karenia mikimotoi","sufficient","Tissue Translocation","Marine","Tier 3",470.054128901543
"163","10.1021/es401932b","Lee et. al  2013",0.0482090726242265,467.092303583777,0.993698969681029,"Tigriopus japonicus","sufficient","Tissue Translocation","Marine","Tier 3",470.054128901543
"164","10.1016/j.scitotenv.2020.144030","Geng et. al  2020",-0.163148713466909,372.909189008631,0.793332439989564,"Strombidium sulcatum","sufficient","Tissue Translocation","Marine","Tier 3",470.054128901543
"165","0.1021/es404295e","Kaposi et. al  2014",-0.173143005427304,368.455633915101,0.783857882019109,"Tripneustes gratilla","sufficient","Tissue Translocation","Marine","Tier 3",470.054128901543
"166","10.1016/j.ecoenv.2017.03.029","Heindler et. al  2017",-0.173962475340443,368.090470037548,0.783081027067517,"Parvocalanus crassirostris","sufficient","Tissue Translocation","Marine","Tier 3",470.054128901543
"167","10.3390/ani11082317","Masiá et. al  2021",-0.174258126062064,367.958725159331,0.782800751094782,"Mytilus galloprovincialis","sufficient","Tissue Translocation","Marine","Tier 3",470.054128901543
"168","10.1016/j.envpol.2017.10.095","Lo & Chan et. al  2018",-0.182915382220955,364.100966409116,0.77459369894266,"Crepidula onyx","sufficient","Tissue Translocation","Marine","Tier 3",470.054128901543
"169","10.1016/j.jhazmat.2018.07.101","Beiras et. al  2018",-0.421855719357319,257.626794980036,0.54807899588517,"Brachionus plicatilis, Tigriopus fulvus, Paracentrotus lividus","sufficient","Tissue Translocation","Marine","Tier 3",470.054128901543
"170","10.1016/j.envpol.2019.113024","Wang et. al  2019",1.34565283526803,3719.7661954636,2.35758039939192,"Oryzias melastigma","sufficient","Tissue Translocation","Marine","Tier 4",1577.78975275796
"171","10.1016/j.marpolbul.2021.112369","Richardson et. al  2021",0.802283545093841,2858.08424199922,1.81144809503504,"Pseudechinus huttoni","sufficient","Tissue Translocation","Marine","Tier 4",1577.78975275796
"172","10.1021/acs.est.8b00168","Gardon et. al  2018",0.614750193949753,2560.69146092807,1.62296114323978,"Pinctada margaritifera","sufficient","Tissue Translocation","Marine","Tier 4",1577.78975275796
"173","10.1021/es401932b","Lee et. al  2013",0.183033458744166,1876.06955376075,1.18904914325967,"Tigriopus japonicus","sufficient","Tissue Translocation","Marine","Tier 4",1577.78975275796
"174","10.1016/j.envpol.2019.01.114","Zhao et. al  2019",0.133184698353558,1797.01875348938,1.13894690363415,"Karenia mikimotoi","sufficient","Tissue Translocation","Marine","Tier 4",1577.78975275796
"175","0.1021/es404295e","Kaposi et. al  2014",-0.132535730119848,1375.63590756344,0.871875295906088,"Tripneustes gratilla","sufficient","Tissue Translocation","Marine","Tier 4",1577.78975275796
"176","10.3390/ani11082317","Masiá et. al  2021",-0.136669095393355,1369.08116417315,0.867720912612094,"Mytilus galloprovincialis","sufficient","Tissue Translocation","Marine","Tier 4",1577.78975275796
"177","10.1016/j.scitotenv.2020.144030","Geng et. al  2020",-0.225477399100718,1228.2478230068,0.778461021729818,"Strombidium sulcatum","sufficient","Tissue Translocation","Marine","Tier 4",1577.78975275796
"178","10.1016/j.envpol.2017.10.095","Lo & Chan et. al  2018",-0.227113236734029,1225.65369081547,0.776816865918312,"Crepidula onyx","sufficient","Tissue Translocation","Marine","Tier 4",1577.78975275796
"179","10.1016/j.ecoenv.2017.03.029","Heindler et. al  2017",-0.228002679595384,1224.24320097711,0.775922900270549,"Parvocalanus crassirostris","sufficient","Tissue Translocation","Marine","Tier 4",1577.78975275796
"180","10.1016/j.jhazmat.2018.07.101","Beiras et. al  2018",-0.504602778887434,785.607234248097,0.497916298971306,"Brachionus plicatilis, Tigriopus fulvus, Paracentrotus lividus","sufficient","Tissue Translocation","Marine","Tier 4",1577.78975275796
"181","10.3390/nano11030649","Capolupo et. al  2021",24.9387802123614,0.00437885959451798,17.7664513487352,"Mytilus galloprovincialis","sufficient","Food Dilution","Marine","Tier 1",0.000246467879745142
"182","10.1016/j.marpolbul.2021.112369","Richardson et. al  2021",2.06731215565776,0.000517808823399599,2.10091807474075,"Pseudechinus huttoni","sufficient","Food Dilution","Marine","Tier 1",0.000246467879745142
"183","10.1021/acs.est.8b00168","Gardon et. al  2018",0.235412716887353,0.000208556407982272,0.846180882466014,"Pinctada margaritifera","sufficient","Food Dilution","Marine","Tier 1",0.000246467879745142
"184","10.1016/j.envpol.2017.11.029","Murphy & Quin et. al  2018",0.20915195156763,0.000204123192417075,0.828193891342543,"Hydra attenuata","sufficient","Food Dilution","Marine","Tier 1",0.000246467879745142
"185","10.1016/j.envpol.2019.113024","Wang et. al  2019",0.146619207576398,0.000193566716601491,0.785362850533087,"Oryzias melastigma","sufficient","Food Dilution","Marine","Tier 1",0.000246467879745142
"186","10.1016/j.scitotenv.2020.144030","Geng et. al  2020",0.0510881268837959,0.000177439620961654,0.719930001203944,"Strombidium sulcatum","sufficient","Food Dilution","Marine","Tier 1",0.000246467879745142
"187","10.1016/j.ecoenv.2017.03.029","Heindler et. al  2017",0.0501435661393565,0.000177280164778883,0.719283035834924,"Parvocalanus crassirostris","sufficient","Food Dilution","Marine","Tier 1",0.000246467879745142
"188","10.1007/s11356-021-12506-8","Abidli et. al  2021",-0.0634884356337026,0.000158097359067336,0.641452181236822,"Mytilus galloprovincialis","sufficient","Food Dilution","Marine","Tier 1",0.000246467879745142
"189","10.3390/ani11082317","Masiá et. al  2021",-0.0634884356337026,0.000158097359067336,0.641452181236822,"Mytilus galloprovincialis","sufficient","Food Dilution","Marine","Tier 1",0.000246467879745142
"190","10.1016/j.envpol.2017.10.095","Lo & Chan et. al  2018",-0.0752000843181536,0.000156120255102166,0.633430430219146,"Crepidula onyx","sufficient","Food Dilution","Marine","Tier 1",0.000246467879745142
"191","10.1021/es401932b","Lee et. al  2013",-0.0784354822770649,0.000155574070845294,0.631214383822199,"Tigriopus japonicus","sufficient","Food Dilution","Marine","Tier 1",0.000246467879745142
"192","0.1021/es404295e","Kaposi et. al  2014",-0.0798131284244042,0.000155341503276552,0.630270781885173,"Tripneustes gratilla","sufficient","Food Dilution","Marine","Tier 1",0.000246467879745142
"193","10.1016/j.envpol.2021.117653","Stienbarger et. al  2021",-0.0854057260285736,0.000154397387960534,0.626440200322198,"Centropristis striata","sufficient","Food Dilution","Marine","Tier 1",0.000246467879745142
"194","10.1016/j.jhazmat.2018.07.101","Beiras et. al  2018",-0.159572439061986,0.000141876921681806,0.575640614219234,"Brachionus plicatilis, Tigriopus fulvus, Paracentrotus lividus","sufficient","Food Dilution","Marine","Tier 1",0.000246467879745142
"195","10.3390/nano11030649","Capolupo et. al  2021",13.1329806299241,0.0771186150792907,15.4784962571587,"Mytilus galloprovincialis","sufficient","Food Dilution","Marine","Tier 2",0.00498230666584447
"196","10.1016/j.marpolbul.2021.112369","Richardson et. al  2021",3.51440364474202,0.0246334843376401,4.94419271830689,"Pseudechinus huttoni","sufficient","Food Dilution","Marine","Tier 2",0.00498230666584447
"197","10.1021/acs.est.8b00168","Gardon et. al  2018",0.737050173960687,0.00947846086022752,1.90242421752274,"Pinctada margaritifera","sufficient","Food Dilution","Marine","Tier 2",0.00498230666584447
"198","10.1016/j.envpol.2019.113024","Wang et. al  2019",0.527911117260918,0.00833726390864279,1.67337429584529,"Oryzias melastigma","sufficient","Food Dilution","Marine","Tier 2",0.00498230666584447
"199","10.1016/j.envpol.2017.11.029","Murphy & Quin et. al  2018",0.274380581451404,0.00695383854962528,1.39570665075604,"Hydra attenuata","sufficient","Food Dilution","Marine","Tier 2",0.00498230666584447
"200","10.1007/s11356-021-12506-8","Abidli et. al  2021",-0.0641829336400603,0.00510641866814975,1.02491055060021,"Mytilus galloprovincialis","sufficient","Food Dilution","Marine","Tier 2",0.00498230666584447
"201","10.3390/ani11082317","Masiá et. al  2021",-0.0641829336400603,0.00510641866814975,1.02491055060021,"Mytilus galloprovincialis","sufficient","Food Dilution","Marine","Tier 2",0.00498230666584447
"202","10.1016/j.envpol.2021.117653","Stienbarger et. al  2021",-0.300641417569257,0.00381614938371033,0.765940284220444,"Centropristis striata","sufficient","Food Dilution","Marine","Tier 2",0.00498230666584447
"203","0.1021/es404295e","Kaposi et. al  2014",-0.340420076664975,0.00359909148350507,0.722374539523661,"Tripneustes gratilla","sufficient","Food Dilution","Marine","Tier 2",0.00498230666584447
"204","10.1021/es401932b","Lee et. al  2013",-0.349643508417521,0.00354876251881883,0.712273000605702,"Tigriopus japonicus","sufficient","Food Dilution","Marine","Tier 2",0.00498230666584447
"205","10.1016/j.scitotenv.2020.144030","Geng et. al  2020",-0.360070190399534,0.00349186784844601,0.700853657279676,"Strombidium sulcatum","sufficient","Food Dilution","Marine","Tier 2",0.00498230666584447
"206","10.1016/j.envpol.2017.10.095","Lo & Chan et. al  2018",-0.370643625767038,0.00343417239739262,0.689273589065707,"Crepidula onyx","sufficient","Food Dilution","Marine","Tier 2",0.00498230666584447
"207","10.1016/j.ecoenv.2017.03.029","Heindler et. al  2017",-0.370769087238922,0.00343348779906118,0.689136183165718,"Parvocalanus crassirostris","sufficient","Food Dilution","Marine","Tier 2",0.00498230666584447
"208","10.1016/j.jhazmat.2018.07.101","Beiras et. al  2018",-0.824738080900572,0.000956341541179852,0.191947546652622,"Brachionus plicatilis, Tigriopus fulvus, Paracentrotus lividus","sufficient","Food Dilution","Marine","Tier 2",0.00498230666584447
"209","10.1016/j.marpolbul.2021.112369","Richardson et. al  2021",1.36585572583064,1.35497839744347,2.51969981062051,"Pseudechinus huttoni","sufficient","Food Dilution","Marine","Tier 3",0.537753898989178
"210","10.1016/j.envpol.2019.113024","Wang et. al  2019",0.914536912966378,1.09649803656847,2.03903316857315,"Oryzias melastigma","sufficient","Food Dilution","Marine","Tier 3",0.537753898989178
"211","10.1021/acs.est.8b00168","Gardon et. al  2018",0.884483235569107,1.07928562450444,2.00702519597382,"Pinctada margaritifera","sufficient","Food Dilution","Marine","Tier 3",0.537753898989178
"212","10.1007/s11356-021-12506-8","Abidli et. al  2021",0.180547555134561,0.676125943309761,1.25731481367347,"Mytilus galloprovincialis","sufficient","Food Dilution","Marine","Tier 3",0.537753898989178
"213","10.1016/j.envpol.2017.11.029","Murphy & Quin et. al  2018",0.133316984346304,0.649075940886412,1.20701298885324,"Hydra attenuata","sufficient","Food Dilution","Marine","Tier 3",0.537753898989178
"214","10.1016/j.scitotenv.2020.144030","Geng et. al  2020",-0.122020837556392,0.502838269268904,0.935071359248338,"Strombidium sulcatum","sufficient","Food Dilution","Marine","Tier 3",0.537753898989178
"215","10.1016/j.ecoenv.2017.03.029","Heindler et. al  2017",-0.129335689352435,0.498648890324142,0.927280845869195,"Parvocalanus crassirostris","sufficient","Food Dilution","Marine","Tier 3",0.537753898989178
"216","0.1021/es404295e","Kaposi et. al  2014",-0.21429415590826,0.449991279631229,0.836797800029126,"Tripneustes gratilla","sufficient","Food Dilution","Marine","Tier 3",0.537753898989178
"217","10.1016/j.envpol.2017.10.095","Lo & Chan et. al  2018",-0.243771651831845,0.433108859561779,0.805403476154982,"Crepidula onyx","sufficient","Food Dilution","Marine","Tier 3",0.537753898989178
"218","10.1021/es401932b","Lee et. al  2013",-0.246497564586321,0.431547668464916,0.802500305950549,"Tigriopus japonicus","sufficient","Food Dilution","Marine","Tier 3",0.537753898989178
"219","10.1016/j.jhazmat.2018.07.101","Beiras et. al  2018",-0.513803700304692,0.278455476304583,0.517812101089363,"Brachionus plicatilis, Tigriopus fulvus, Paracentrotus lividus","sufficient","Food Dilution","Marine","Tier 3",0.537753898989178
"220","10.3390/ani11082317","Masiá et. al  2021",-0.523406282533584,0.272955863061998,0.507585093432287,"Mytilus galloprovincialis","sufficient","Food Dilution","Marine","Tier 3",0.537753898989178
"221","10.1016/j.marpolbul.2021.112369","Richardson et. al  2021",1.48175578554337,7.36669337306503,2.71272850468588,"Pseudechinus huttoni","sufficient","Food Dilution","Marine","Tier 4",2.71560289219509
"222","10.1016/j.envpol.2019.113024","Wang et. al  2019",1.13374869354012,6.33369022530421,2.33233299445507,"Oryzias melastigma","sufficient","Food Dilution","Marine","Tier 4",2.71560289219509
"223","10.1021/acs.est.8b00168","Gardon et. al  2018",1.11115919083847,6.26663691537642,2.30764112580207,"Pinctada margaritifera","sufficient","Food Dilution","Marine","Tier 4",2.71560289219509
"224","10.1007/s11356-021-12506-8","Abidli et. al  2021",0.230626522784177,3.65291714153388,1.34515880507888,"Mytilus galloprovincialis","sufficient","Food Dilution","Marine","Tier 4",2.71560289219509
"225","10.1016/j.envpol.2017.11.029","Murphy & Quin et. al  2018",0.0803849942159023,3.20694929920618,1.18093455726655,"Hydra attenuata","sufficient","Food Dilution","Marine","Tier 4",2.71560289219509
"226","0.1021/es404295e","Kaposi et. al  2014",-0.122139371573874,2.60578825345039,0.959561598987717,"Tripneustes gratilla","sufficient","Food Dilution","Marine","Tier 4",2.71560289219509
"227","10.1016/j.envpol.2017.10.095","Lo & Chan et. al  2018",-0.194739864870293,2.39028535185007,0.880204303331677,"Crepidula onyx","sufficient","Food Dilution","Marine","Tier 4",2.71560289219509
"228","10.1021/es401932b","Lee et. al  2013",-0.211991348130975,2.33907709511815,0.861347254357732,"Tigriopus japonicus","sufficient","Food Dilution","Marine","Tier 4",2.71560289219509
"229","10.1016/j.scitotenv.2020.144030","Geng et. al  2020",-0.242212479434038,2.24937052165365,0.828313494627129,"Strombidium sulcatum","sufficient","Food Dilution","Marine","Tier 4",2.71560289219509
"230","10.1016/j.ecoenv.2017.03.029","Heindler et. al  2017",-0.247048344765084,2.23501603226563,0.823027563672613,"Parvocalanus crassirostris","sufficient","Food Dilution","Marine","Tier 4",2.71560289219509
"231","10.3390/ani11082317","Masiá et. al  2021",-0.476888130740414,1.55277354971594,0.571796986289405,"Mytilus galloprovincialis","sufficient","Food Dilution","Marine","Tier 4",2.71560289219509
"232","10.1016/j.jhazmat.2018.07.101","Beiras et. al  2018",-0.61384818376047,1.14622963397905,0.422090297986289,"Brachionus plicatilis, Tigriopus fulvus, Paracentrotus lividus","sufficient","Food Dilution","Marine","Tier 4",2.71560289219509
